{
  "methodology_locked_at": "2026-05-03",
  "num_dev_slates": 16,
  "holdout_sealed": true,
  "pre_registered_target": "top-N by projection (N = primarySize)",
  "single_variant": true,
  "verification": {
    "v1_mean_unique_5sets_per_stack": 6.5388886107442605,
    "wsc_mean_unique_5sets_per_stack": 1,
    "v1_mean_unique_4sets_per_stack": 4.3394515161373715,
    "wsc_mean_unique_4sets_per_stack": 0.9375,
    "v1_mean_pairwise_jaccard": 0.08952520119064794,
    "wsc_mean_pairwise_jaccard": 0.08895738112550222
  },
  "tournament": {
    "v1": {
      "top1_lift": 1.2083333333333333,
      "top1_ci": [
        0.7083333333333333,
        1.7916666666666667
      ],
      "top1_hits": 29,
      "top01_lift": 1.6666666666666667,
      "top01_ci": [
        0.4166666666666667,
        3.3333333333333335
      ],
      "top01_hits": 4,
      "roi": -0.18978640482960096
    },
    "wsc": {
      "top1_lift": 1.543026706231454,
      "top1_ci": [
        0.5160550458715597,
        2.86697247706422
      ],
      "top1_hits": 26,
      "top01_lift": 0.5934718100890207,
      "top01_ci": [
        0,
        1.8203883495145632
      ],
      "top01_hits": 1,
      "roi": 0.24092893524408
    }
  },
  "per_slate": {
    "top1": {
      "helped": 5,
      "hurt": 9,
      "neutral": 2
    },
    "top01": {
      "helped": 0,
      "hurt": 3,
      "neutral": 13
    }
  }
}