{
  "per_slate": {
    "4-6-26": {
      "top1": 0.17333333333333334,
      "top2": 0.32666666666666666,
      "top3": 0.4266666666666667,
      "unique_teams": 14,
      "team_counts": {
        "CWS": 8,
        "BAL": 15,
        "COL": 23,
        "HOU": 26,
        "LAD": 15,
        "DET": 12,
        "TOR": 4,
        "LAA": 11,
        "MIN": 2,
        "PHI": 7,
        "SF": 7,
        "TEX": 7,
        "ATL": 1,
        "SEA": 12
      },
      "total_lineups": 150
    },
    "4-8-26": {
      "top1": 0.21333333333333335,
      "top2": 0.4,
      "top3": 0.5266666666666666,
      "unique_teams": 8,
      "team_counts": {
        "NYY": 32,
        "DET": 17,
        "CHC": 28,
        "CIN": 18,
        "MIA": 19,
        "ATH": 11,
        "TB": 8,
        "MIN": 17
      },
      "total_lineups": 150
    },
    "4-12-26": {
      "top1": 0.14666666666666667,
      "top2": 0.29333333333333333,
      "top3": 0.4066666666666667,
      "unique_teams": 20,
      "team_counts": {
        "CHC": 10,
        "PIT": 22,
        "LAA": 22,
        "BOS": 9,
        "TOR": 7,
        "WSH": 17,
        "MIN": 9,
        "BAL": 9,
        "CWS": 10,
        "CIN": 3,
        "STL": 1,
        "SF": 8,
        "TB": 5,
        "DET": 2,
        "PHI": 1,
        "NYY": 2,
        "MIL": 1,
        "NYM": 2,
        "ATH": 9,
        "MIA": 1
      },
      "total_lineups": 150
    },
    "4-14-26": {
      "top1": 0.13333333333333333,
      "top2": 0.26666666666666666,
      "top3": 0.36666666666666664,
      "unique_teams": 20,
      "team_counts": {
        "ATL": 4,
        "STL": 2,
        "TEX": 15,
        "SEA": 20,
        "TB": 8,
        "MIA": 5,
        "COL": 8,
        "LAA": 3,
        "BOS": 6,
        "CLE": 2,
        "MIL": 20,
        "CWS": 10,
        "HOU": 2,
        "TOR": 15,
        "SD": 10,
        "MIN": 4,
        "NYY": 1,
        "NYM": 12,
        "ATH": 2,
        "LAD": 1
      },
      "total_lineups": 150
    },
    "4-15-26": {
      "top1": 0.14,
      "top2": 0.26666666666666666,
      "top3": 0.38666666666666666,
      "unique_teams": 14,
      "team_counts": {
        "ATL": 9,
        "TEX": 6,
        "NYY": 18,
        "SEA": 15,
        "LAA": 6,
        "TOR": 19,
        "COL": 21,
        "SD": 13,
        "ATH": 9,
        "MIA": 12,
        "CWS": 2,
        "MIL": 4,
        "NYM": 15,
        "LAD": 1
      },
      "total_lineups": 150
    },
    "4-17-26": {
      "top1": 0.15333333333333332,
      "top2": 0.26,
      "top3": 0.36,
      "unique_teams": 18,
      "team_counts": {
        "TOR": 12,
        "CWS": 23,
        "LAD": 6,
        "ATH": 8,
        "COL": 12,
        "NYY": 15,
        "STL": 16,
        "BOS": 4,
        "LAA": 7,
        "ARI": 7,
        "CIN": 9,
        "MIL": 3,
        "KC": 9,
        "HOU": 1,
        "DET": 1,
        "SEA": 11,
        "MIN": 1,
        "TEX": 5
      },
      "total_lineups": 150
    },
    "4-18-26": {
      "top1": 0.2733333333333333,
      "top2": 0.4266666666666667,
      "top3": 0.54,
      "unique_teams": 11,
      "team_counts": {
        "LAA": 41,
        "LAD": 23,
        "TOR": 12,
        "SD": 13,
        "STL": 17,
        "ARI": 6,
        "COL": 13,
        "SEA": 7,
        "TEX": 6,
        "PHI": 5,
        "ATL": 7
      },
      "total_lineups": 150
    },
    "4-19-26": {
      "top1": 0.23333333333333334,
      "top2": 0.3333333333333333,
      "top3": 0.42,
      "unique_teams": 16,
      "team_counts": {
        "MIL": 15,
        "HOU": 4,
        "SF": 10,
        "TB": 10,
        "STL": 6,
        "WSH": 9,
        "CIN": 35,
        "KC": 7,
        "MIN": 6,
        "NYY": 9,
        "PIT": 7,
        "MIA": 8,
        "CLE": 4,
        "NYM": 5,
        "CHC": 2,
        "BAL": 13
      },
      "total_lineups": 150
    },
    "4-20-26": {
      "top1": 0.30666666666666664,
      "top2": 0.44666666666666666,
      "top3": 0.5466666666666666,
      "unique_teams": 16,
      "team_counts": {
        "ATL": 2,
        "LAD": 46,
        "COL": 21,
        "SEA": 3,
        "ATH": 15,
        "WSH": 7,
        "CIN": 13,
        "CHC": 9,
        "BAL": 9,
        "TB": 2,
        "KC": 3,
        "MIA": 2,
        "PHI": 7,
        "TOR": 2,
        "LAA": 8,
        "STL": 1
      },
      "total_lineups": 150
    },
    "4-21-26": {
      "top1": 0.23333333333333334,
      "top2": 0.44,
      "top3": 0.5933333333333334,
      "unique_teams": 10,
      "team_counts": {
        "BAL": 14,
        "LAA": 31,
        "KC": 13,
        "SEA": 35,
        "CIN": 5,
        "TB": 8,
        "CLE": 10,
        "HOU": 3,
        "TOR": 8,
        "ATH": 23
      },
      "total_lineups": 150
    },
    "4-22-26": {
      "top1": 0.5933333333333334,
      "top2": 0.76,
      "top3": 0.8066666666666666,
      "unique_teams": 13,
      "team_counts": {
        "SD": 89,
        "COL": 25,
        "ATL": 1,
        "MIL": 4,
        "CWS": 2,
        "DET": 2,
        "PIT": 7,
        "SF": 4,
        "MIN": 5,
        "LAD": 3,
        "PHI": 5,
        "TEX": 2,
        "CHC": 1
      },
      "total_lineups": 150
    },
    "4-23-26": {
      "top1": 0.2866666666666667,
      "top2": 0.47333333333333333,
      "top3": 0.6,
      "unique_teams": 11,
      "team_counts": {
        "PHI": 43,
        "ATL": 5,
        "SD": 28,
        "ARI": 19,
        "CHC": 9,
        "CWS": 5,
        "WSH": 9,
        "COL": 4,
        "SF": 8,
        "LAD": 10,
        "MIL": 10
      },
      "total_lineups": 150
    },
    "4-24-26": {
      "top1": 0.19333333333333333,
      "top2": 0.32666666666666666,
      "top3": 0.41333333333333333,
      "unique_teams": 21,
      "team_counts": {
        "WSH": 29,
        "CWS": 8,
        "NYY": 8,
        "BOS": 7,
        "SEA": 1,
        "PIT": 13,
        "SF": 12,
        "MIA": 4,
        "PHI": 20,
        "TEX": 10,
        "KC": 2,
        "NYM": 4,
        "ATH": 2,
        "CHC": 3,
        "LAD": 1,
        "CLE": 3,
        "LAA": 2,
        "BAL": 3,
        "STL": 9,
        "MIL": 5,
        "COL": 4
      },
      "total_lineups": 150
    },
    "4-25-26": {
      "top1": 0.16666666666666666,
      "top2": 0.30666666666666664,
      "top3": 0.44,
      "unique_teams": 13,
      "team_counts": {
        "NYY": 20,
        "CHC": 9,
        "DET": 16,
        "CIN": 11,
        "TEX": 11,
        "MIL": 14,
        "LAD": 4,
        "PIT": 25,
        "PHI": 21,
        "KC": 9,
        "HOU": 1,
        "LAA": 5,
        "ATH": 4
      },
      "total_lineups": 150
    },
    "4-25-26-early": {
      "top1": 0.24666666666666667,
      "top2": 0.4266666666666667,
      "top3": 0.6,
      "unique_teams": 9,
      "team_counts": {
        "CWS": 27,
        "TB": 6,
        "SEA": 12,
        "MIN": 16,
        "SF": 26,
        "TOR": 9,
        "CLE": 37,
        "WSH": 3,
        "STL": 14
      },
      "total_lineups": 150
    },
    "4-26-26": {
      "top1": 0.12666666666666668,
      "top2": 0.25333333333333335,
      "top3": 0.35333333333333333,
      "unique_teams": 22,
      "team_counts": {
        "TB": 8,
        "CIN": 12,
        "NYY": 19,
        "SEA": 5,
        "DET": 3,
        "TEX": 13,
        "ATH": 19,
        "STL": 15,
        "PHI": 6,
        "WSH": 10,
        "TOR": 3,
        "HOU": 4,
        "BOS": 10,
        "ATL": 8,
        "NYM": 2,
        "MIN": 2,
        "CLE": 1,
        "COL": 2,
        "MIL": 2,
        "PIT": 1,
        "CWS": 3,
        "BAL": 2
      },
      "total_lineups": 150
    },
    "4-27-26": {
      "top1": 0.20666666666666667,
      "top2": 0.3333333333333333,
      "top3": 0.43333333333333335,
      "unique_teams": 14,
      "team_counts": {
        "SEA": 15,
        "LAD": 9,
        "NYY": 19,
        "CWS": 11,
        "LAA": 8,
        "MIN": 31,
        "BOS": 7,
        "PIT": 14,
        "SD": 7,
        "CHC": 7,
        "STL": 2,
        "TOR": 1,
        "MIA": 15,
        "TEX": 4
      },