{
  "aggregate": {
    "hermes-a": {
      "mean": 0.6418653279825023,
      "median": 0.6994204914985399,
      "p90": 0.9351030898748428,
      "p10": 0.23990663634720036,
      "n": 2676
    },
    "theory-dfs-mlb": {
      "mean": 0.5498234547825521,
      "median": 0.5974180035842087,
      "p90": 0.9491511878460419,
      "p10": 0.035895331083566025,
      "n": 2700
    },
    "theory-dfs-mlb-hcombo": {
      "mean": 0.48992357191205954,
      "median": 0.4758117457875812,
      "p90": 0.9458463529551189,
      "p10": 0.04823088899121297,
      "n": 2700
    },
    "random-mlb": {
      "mean": 0.4917615145200677,
      "median": 0.4891097577108623,
      "p90": 0.8931985630467828,
      "p10": 0.09874369719786934,
      "n": 2700
    }
  },
  "per_slate": [
    {
      "slate": "4-6-26",
      "n_pros": 900,
      "systems": {
        "hermes-a": {
          "mean": 0.5886214501409649,
          "median": 0.5973514021781835,
          "p90": 0.9381898454746137,
          "n": 150
        },
        "theory-dfs-mlb": {
          "mean": 0.5478541775582357,
          "median": 0.6238413709572923,
          "p90": 0.9055188714275964,
          "n": 150
        },
        "theory-dfs-mlb-hcombo": {
          "mean": 0.47697393983110564,
          "median": 0.47196519703946266,
          "p90": 0.9055188714275964,
          "n": 150
        },
        "random-mlb": {
          "mean": 0.5070593249868455,
          "median": 0.5490155202366362,
          "p90": 0.8737418389069416,
          "n": 150
        }
      }
    },
    {
      "slate": "4-8-26",
      "n_pros": 600,
      "systems": {
        "hermes-a": {
          "mean": 0.6155568190917728,
          "median": 0.6762296264051582,
          "p90": 0.9076372975038376,
          "n": 126
        },
        "theory-dfs-mlb": {
          "mean": 0.537475966718054,
          "median": 0.5954650898990574,
          "p90": 0.9288298455898002,
          "n": 150
        },
        "theory-dfs-mlb-hcombo": {
          "mean": 0.45044516509669197,
          "median": 0.3792534618748411,
          "p90": 0.9370253818677154,
          "n": 150
        },
        "random-mlb": {
          "mean": 0.48992039031775025,
          "median": 0.5119964750347464,
          "p90": 0.8646549703813892,
          "n": 150
        }
      }
    },
    {
      "slate": "4-12-26",
      "n_pros": 750,
      "systems": {
        "hermes-a": {
          "mean": 0.5668950550191916,
          "median": 0.7077400603233897,
          "p90": 0.9205212506284829,
          "n": 150
        },
        "theory-dfs-mlb": {
          "mean": 0.5316863181404481,
          "median": 0.5354461114902929,
          "p90": 0.9575868006323179,
          "n": 150
        },
        "theory-dfs-mlb-hcombo": {
          "mean": 0.48768566575126726,
          "median": 0.43952428626888085,
          "p90": 0.9575868006323179,
          "n": 150
        },
        "random-mlb": {
          "mean": 0.46914870381148127,
          "median": 0.45833770558883125,
          "p90": 0.8530826742650036,
          "n": 150
        }
      }
    },
    {
      "slate": "4-14-26",
      "n_pros": 900,
      "systems": {
        "hermes-a": {
          "mean": 0.6549973251797273,
          "median": 0.7452626311190436,
          "p90": 0.9654252866004126,
          "n": 150
        },
        "theory-dfs-mlb": {
          "mean": 0.5138563610335948,
          "median": 0.5311103911184305,
          "p90": 0.9525024533856722,
          "n": 150
        },
        "theory-dfs-mlb-hcombo": {
          "mean": 0.5133608991943112,
          "median": 0.540729957160715,
          "p90": 0.959767364848717,
          "n": 150
        },
        "random-mlb": {
          "mean": 0.472692398949298,
          "median": 0.464059512000667,
          "p90": 0.885402969463215,
          "n": 150
        }
      }
    },
    {
      "slate": "4-15-26",
      "n_pros": 900,
      "systems": {
        "hermes-a": {
          "mean": 0.6639915473273504,
          "median": 0.7487574222571702,
          "p90": 0.9478938752705077,
          "n": 150
        },
        "theory-dfs-mlb": {
          "mean": 0.5852440922059885,
          "median": 0.6656137910771838,
          "p90": 0.9281830439712798,
          "n": 150
        },
        "theory-dfs-mlb-hcombo": {
          "mean": 0.5060362105449777,
          "median": 0.5062893874840678,
          "p90": 0.9405538920843635,
          "n": 150
        },
        "random-mlb": {
          "mean": 0.5476817417531151,
          "median": 0.5545021838387256,
          "p90": 0.9444253748589487,
          "n": 150
        }
      }
    },
    {
      "slate": "4-17-26",
      "n_pros": 900,
      "systems": {
        "hermes-a": {
          "mean": 0.7175231971712643,
          "median": 0.7567580479349056,
          "p90": 0.9572924862108516,
          "n": 150
        },
        "theory-dfs-mlb": {
          "mean": 0.5216219038079094,
          "median": 0.5236394410235314,
          "p90": 0.963391001316292,
          "n": 150
        },
        "theory-dfs-mlb-hcombo": {
          "mean": 0.46711024968792275,
          "median": 0.42093884089149713,
          "p90": 0.9590782883517185,
          "n": 150
        },
        "random-mlb": {
          "mean": 0.4625255825026033,
          "median": 0.4711996820003487,
          "p90": 0.8562226039165732,
          "n": 150
        }
      }
    },
    {
      "slate": "4-18-26",
      "n_pros": 600,
      "systems": {
        "hermes-a": {
          "mean": 0.7122336156710334,
          "median": 0.7620668916141972,
          "p90": 0.9613885346488877,
          "n": 150
        },
        "theory-dfs-mlb": {
          "mean": 0.5505951186897861,
          "median": 0.5788813285477141,
          "p90": 0.9288224804238285,
          "n": 150
        },
        "theory-dfs-mlb-hcombo": {
          "mean": 0.4429032288684704,
          "median": 0.4093325730492813,
          "p90": 0.9177072262447048,
          "n": 150
        },
        "random-mlb": {
          "mean": 0.4878784139232064,
          "median": 0.4831751004158362,
          "p90": 0.9380342229089591,
          "n": 150
        }
      }
    },
    {
      "slate": "4-19-26",
      "n_pros": 900,
      "systems": {
        "hermes-a": {
          "mean": 0.6823789220348084,
          "median": 0.8177413515950802,
          "p90": 0.9631218221211573,
          "n": 150
        },
        "theory-dfs-mlb": {
          "mean": 0.5361580730005132,
          "median": 0.5507570556349171,
          "p90": 0.9664208269452195,
          "n": 150
        },
        "theory-dfs-mlb-hcombo": {
          "mean": 0.4654149325758269,
          "median": 0.42245913395871926,
          "p90": 0.9637034943361261,
          "n": 150
        },
        "random-mlb": {
          "mean": 0.5157187334799017,
          "median": 0.5124226003827905,
          "p90": 0.9330357142857143,
          "n": 150
        }
      }
    },
    {
      "slate": "4-20-26",
      "n_pros": 900,
      "systems": {
        "hermes-a": {
          "mean": 0.5912582027820661,
          "median": 0.6380306369412725,
          "p90": 0.8748139554788545,
          "n": 150
        },
        "theory-dfs-mlb": {
          "mean": 0.5904624110438041,
          "median": 0.6593821865546061,
          "p90": 0.9596427934462912,
          "n": 150
        },
        "theory-dfs-mlb-hcombo": {
          "mean": 0.49524395242685815,
          "median": 0.4954735642744837,
          "p90": 0.9444760906175553,
          "n": 150
        },
        "random-mlb": {
          "mean": 0.48258104583472733,
          "median": 0.4720528817652721,
          "p90": 0.8853724333799783,
          "n": 150
        }
      }
    },
    {
      "slate": "4-21-26",
      "n_pros": 600,
      "systems": {
        "hermes-a": {
          "mean": 0.5923276475997359,
          "median": 0.6020667213107445,
          "p90": 0.8980294624067343,
          "n": 150
        },