{
  "k": 3,
  "pro_n": 14100,
  "centroids": [
    [
      0.7931130281218475,
      0.00013871338936680935,
      1.0002116378813513,
      0.13298951733972594,
      0.6592946802151822,
      0.05746164574616457
    ],
    [
      0.7543046339167095,
      0.0002012542923836977,
      1.0002106558757742,
      0.7690933318314803,
      0.655723495313939,
      0.06853747945898117
    ],
    [
      0.2482462552699232,
      1.4251117401042316e-05,
      1.0002125086620208,
      0.20593086372680586,
      0.6600833881939873,
      0.050153609831029185
    ]
  ],
  "feature_names": [
    "proj_pct",
    "own_pct",
    "range_pct",
    "salary_pct",
    "stack_norm",
    "bring_back_norm"
  ],
  "pro_distribution": [
    0.2542553191489362,
    0.561063829787234,
    0.18468085106382978
  ],
  "system_distributions": {
    "hermes-a": [
      0.3273542600896861,
      0.5254110612855007,
      0.14723467862481315
    ],
    "theory-dfs-mlb": [
      0.27037037037037037,
      0.5244444444444445,
      0.2051851851851852
    ],
    "theory-dfs-mlb-hcombo": [
      0.2551851851851852,
      0.4625925925925926,
      0.2822222222222222
    ],
    "random-mlb": [
      0.2174074074074074,
      0.37703703703703706,
      0.40555555555555556
    ]
  },
  "system_n": {
    "hermes-a": 2676,
    "theory-dfs-mlb": 2700,
    "theory-dfs-mlb-hcombo": 2700,
    "random-mlb": 2700
  },
  "cluster_gaps": {
    "hermes-a": [
      0.07309894094074992,
      -0.03565276850173327,
      -0.03744617243901663
    ],
    "theory-dfs-mlb": [
      0.016115051221434196,
      -0.03661938534278952,
      0.02050433412135541
    ],
    "theory-dfs-mlb-hcombo": [
      0.0009298660362490052,
      -0.0984712371946414,
      0.09754137115839243
    ],
    "random-mlb": [
      -0.036847911741528766,
      -0.18402679275019695,
      0.22087470449172578
    ]
  }
}