{
  "common_slates": [
    "4-12-26",
    "4-14-26",
    "4-15-26",
    "4-17-26",
    "4-18-26",
    "4-19-26",
    "4-20-26",
    "4-21-26",
    "4-22-26",
    "4-23-26",
    "4-24-26",
    "4-25-26",
    "4-25-26-early",
    "4-26-26",
    "4-27-26",
    "4-28-26",
    "4-29-26",
    "4-6-26",
    "4-8-26",
    "5-1-26",
    "5-2-26",
    "5-2-26-main",
    "5-2-26-night",
    "5-3-26",
    "5-3-26-late",
    "5-4-26",
    "5-4-26-late",
    "5-5-26",
    "5-6-26"
  ],
  "wins": {
    "Atlas": 8,
    "BB25": 6,
    "v4": 6,
    "v5": 9
  },
  "aggregates": {
    "XGB_v4_orig": 159.55809554144702,
    "XGB_v5_orig": 358.39559014684835,
    "XGB_v4_LOO": -20.21993591856247,
    "XGB_v5_LOO": 16.496684575151257,
    "Atlas": 60.152870745986455,
    "BB25": 71.07033272691983
  }
}