{
  "medium": {
    "pos_proj_zscore_sum": {
      "mean_ic": 0.08099259601782512,
      "n": 15
    },
    "dev_sum_under": {
      "mean_ic": 0.04522232122286945,
      "n": 15
    },
    "own_bot3_sum": {
      "mean_ic": 0.028391466818671295,
      "n": 15
    },
    "h_proj_mean": {
      "mean_ic": 0.07592886304347322,
      "n": 15
    },
    "h_proj_excess_vs_slate_mean": {
      "mean_ic": 0.08584324474203586,
      "n": 15
    },
    "h_proj_sum": {
      "mean_ic": 0.06343458156955567,
      "n": 15
    },
    "pair_freq_sum": {
      "mean_ic": 0.10117275207042833,
      "n": 15
    },
    "pair_freq_mean": {
      "mean_ic": 0.09881863946593851,
      "n": 15
    },
    "player_freq_sum": {
      "mean_ic": 0.07742130376186042,
      "n": 15
    },
    "dev_mean": {
      "mean_ic": 0.08549234754559235,
      "n": 15
    },
    "dev_sum": {
      "mean_ic": 0.08549234754559235,
      "n": 15
    },
    "proj_vs_slate_p50": {
      "mean_ic": 0.04418270464079941,
      "n": 15
    },
    "proj_mean": {
      "mean_ic": 0.044181951600486075,
      "n": 15
    },
    "proj_sum": {
      "mean_ic": 0.05281541295805977,
      "n": 15
    },
    "proj_per_dollar": {
      "mean_ic": 0.026782035107886522,
      "n": 15
    },
    "proj_min": {
      "mean_ic": 0.05751631403029099,
      "n": 15
    },
    "h_proj_min": {
      "mean_ic": 0.06316870397186627,
      "n": 15
    },
    "h_ceil85_sum": {
      "mean_ic": 0.052081652574552426,
      "n": 15
    },
    "proj_bot3_sum": {
      "mean_ic": 0.03486252779085048,
      "n": 15
    },
    "dev_abs_sum": {
      "mean_ic": 0.07658421781639299,
      "n": 15
    }
  },
  "large": {
    "pos_proj_zscore_sum": {
      "mean_ic": 0.25912765885401207,
      "n": 6
    },
    "dev_sum_under": {
      "mean_ic": 0.15643994899199876,
      "n": 6
    },
    "own_bot3_sum": {
      "mean_ic": 0.16652855181865844,
      "n": 6
    },
    "h_proj_mean": {
      "mean_ic": 0.25363021753400433,
      "n": 6
    },
    "h_proj_excess_vs_slate_mean": {
      "mean_ic": 0.2536304306656047,
      "n": 6
    },
    "h_proj_sum": {
      "mean_ic": 0.25362861135548287,
      "n": 6
    },
    "pair_freq_sum": {
      "mean_ic": 0.22259075620893812,
      "n": 6
    },
    "pair_freq_mean": {
      "mean_ic": 0.22259100943612573,
      "n": 6
    },
    "player_freq_sum": {
      "mean_ic": 0.21576136470494275,
      "n": 6
    },
    "dev_mean": {
      "mean_ic": 0.19973080926570153,
      "n": 6
    },
    "dev_sum": {
      "mean_ic": 0.19973080926570153,
      "n": 6
    },
    "proj_vs_slate_p50": {
      "mean_ic": 0.25838570910378367,
      "n": 6
    },
    "proj_mean": {
      "mean_ic": 0.258383611954852,
      "n": 6
    },
    "proj_sum": {
      "mean_ic": 0.25838112221279425,
      "n": 6
    },
    "proj_per_dollar": {
      "mean_ic": 0.2562548620344996,
      "n": 6
    },
    "proj_min": {
      "mean_ic": 0.13970079495952079,
      "n": 6
    },
    "h_proj_min": {
      "mean_ic": 0.13836714284227578,
      "n": 6
    },
    "h_ceil85_sum": {
      "mean_ic": 0.18797811568965486,
      "n": 6
    },
    "proj_bot3_sum": {
      "mean_ic": 0.18900520984927016,
      "n": 6
    },
    "dev_abs_sum": {
      "mean_ic": 0.18792552465090084,
      "n": 6
    }
  }
}