{
  "v4_aucs": [
    0.7583385774214741,
    0.6460823128256437,
    0.568397162470875,
    0.6534743449561042,
    0.5904148657458421
  ],
  "v5_aucs": [
    0.7057164242590546,
    0.6010138819656601,
    0.5768183654506975,
    0.6445028311577955,
    0.6319511929561575
  ],
  "v4_mean": 0.6433414526839878,
  "v5_mean": 0.632000539157873
}