{
  "1": 5.193230946287783,
  "2": 5.1884429171688,
  "3": 6.408621620850501,
  "4": 4.724305786741556
}