{
  "baseline": {
    "n_slates": 18,
    "todfs_pay": 43399.35808448282,
    "hermes_pay": 122210.98651302292,
    "todfs_roi": -0.19630818362068858,
    "hermes_roi": 1.2631664169078318,
    "todfs_t1": 27,
    "hermes_t1": 41,
    "todfs_mahal": 2.383316589270445,
    "hermes_mahal": 1.2228780445768512,
    "todfs_wins_payout": 6,
    "todfs_wins_mahal": 2
  },
  "loo_each_slate": {
    "4-6-26": {
      "n_slates": 17,
      "todfs_pay": 41559.56693467573,
      "hermes_pay": 121148.82127218068,
      "todfs_roi": -0.18510653069263283,
      "hermes_roi": 1.3754670837682488,
      "todfs_t1": 23,
      "hermes_t1": 39,
      "todfs_mahal": 2.470974637820306,
      "hermes_mahal": 1.2528123488275915,
      "todfs_wins_payout": 5,
      "todfs_wins_mahal": 2
    },
    "4-8-26": {
      "n_slates": 17,
      "todfs_pay": 43146.930813774496,
      "hermes_pay": 122082.8344815406,
      "todfs_roi": -0.15398174874951964,
      "hermes_roi": 1.3937810682655019,
      "todfs_t1": 27,
      "hermes_t1": 41,
      "todfs_mahal": 2.444647629052158,
      "hermes_mahal": 1.2613975355862141,
      "todfs_wins_payout": 5,
      "todfs_wins_mahal": 2
    },
    "4-12-26": {
      "n_slates": 17,
      "todfs_pay": 43119.269684239975,
      "hermes_pay": 121531.87139142491,
      "todfs_roi": -0.15452412383843184,
      "hermes_roi": 1.3829778704200963,
      "todfs_t1": 26,
      "hermes_t1": 39,
      "todfs_mahal": 2.4618866640216743,
      "hermes_mahal": 1.2488996440031077,
      "todfs_wins_payout": 6,
      "todfs_wins_mahal": 2
    },
    "4-14-26": {
      "n_slates": 17,
      "todfs_pay": 43037.96384121549,
      "hermes_pay": 121751.98643338848,
      "todfs_roi": -0.15611835605459823,
      "hermes_roi": 1.3872938516350684,
      "todfs_t1": 25,
      "hermes_t1": 39,
      "todfs_mahal": 2.313419944219557,
      "hermes_mahal": 1.1251462827285317,
      "todfs_wins_payout": 6,
      "todfs_wins_mahal": 2
    },
    "4-15-26": {
      "n_slates": 17,
      "todfs_pay": 43245.37811740112,
      "hermes_pay": 121927.25460932415,
      "todfs_roi": -0.15205140946272322,
      "hermes_roi": 1.3907304825357678,
      "todfs_t1": 27,
      "hermes_t1": 41,
      "todfs_mahal": 2.4094006274276847,
      "hermes_mahal": 1.2245157733368652,
      "todfs_wins_payout": 6,
      "todfs_wins_mahal": 2
    },
    "4-17-26": {
      "n_slates": 17,
      "todfs_pay": 43334.78347147764,
      "hermes_pay": 122036.94230741302,
      "todfs_roi": -0.15029836330435997,
      "hermes_roi": 1.3928812217139805,
      "todfs_t1": 27,
      "hermes_t1": 41,
      "todfs_mahal": 2.4350561561015143,
      "hermes_mahal": 1.1352650083544245,
      "todfs_wins_payout": 6,
      "todfs_wins_mahal": 1
    },
    "4-18-26": {
      "n_slates": 17,
      "todfs_pay": 33969.51403631645,
      "hermes_pay": 119887.66463455021,
      "todfs_roi": -0.33393109732712856,
      "hermes_roi": 1.3507385222460826,
      "todfs_t1": 24,
      "hermes_t1": 38,
      "todfs_mahal": 2.0843155946877503,
      "hermes_mahal": 1.2258988384162948,
      "todfs_wins_payout": 5,
      "todfs_wins_mahal": 2
    },
    "4-19-26": {
      "n_slates": 17,
      "todfs_pay": 42370.81216550735,
      "hermes_pay": 121683.28875986181,
      "todfs_roi": -0.1691997614606402,
      "hermes_roi": 1.385946838428663,
      "todfs_t1": 25,
      "hermes_t1": 40,
      "todfs_mahal": 2.4048439242685076,
      "hermes_mahal": 1.257261876242026,
      "todfs_wins_payout": 5,
      "todfs_wins_mahal": 2
    },
    "4-20-26": {
      "n_slates": 17,
      "todfs_pay": 43356.18269556087,
      "hermes_pay": 122166.97514074664,
      "todfs_roi": -0.1498787706752771,
      "hermes_roi": 1.3954308851126793,
      "todfs_t1": 27,
      "hermes_t1": 41,
      "todfs_mahal": 2.473771721325124,
      "hermes_mahal": 1.223786765853166,
      "todfs_wins_payout": 6,
      "todfs_wins_mahal": 1
    },
    "4-21-26": {
      "n_slates": 17,
      "todfs_pay": 43078.75059799749,
      "hermes_pay": 94824.87492611232,
      "todfs_roi": -0.1553186157255394,
      "hermes_roi": 0.8593112730610257,
      "todfs_t1": 26,
      "hermes_t1": 38,
      "todfs_mahal": 2.399388287147241,
      "hermes_mahal": 1.2337516275118934,
      "todfs_wins_payout": 6,
      "todfs_wins_mahal": 2
    },
    "4-22-26": {
      "n_slates": 17,
      "todfs_pay": 43331.05936158567,
      "hermes_pay": 81500.44128794702,
      "todfs_roi": -0.15037138506694758,
      "hermes_roi": 0.5980478683911179,
      "todfs_t1": 27,
      "hermes_t1": 38,
      "todfs_mahal": 2.4125024845465894,
      "hermes_mahal": 1.2769267036379126,
      "todfs_wins_payout": 6,
      "todfs_wins_mahal": 2
    },
    "4-23-26": {
      "n_slates": 17,
      "todfs_pay": 43289.69908036917,
      "hermes_pay": 120548.77804828534,
      "todfs_roi": -0.15118237097315346,
      "hermes_roi": 1.363701530358536,
      "todfs_t1": 27,
      "hermes_t1": 38,
      "todfs_mahal": 2.4135286804736147,
      "hermes_mahal": 1.2387572712748125,
      "todfs_wins_payout": 6,
      "todfs_wins_mahal": 2
    },
    "4-24-26": {
      "n_slates": 17,
      "todfs_pay": 42868.10634032527,
      "hermes_pay": 122009.33055168099,
      "todfs_roi": -0.15944889528773976,
      "hermes_roi": 1.3923398147388428,
      "todfs_t1": 26,
      "hermes_t1": 40,
      "todfs_mahal": 2.457000160623546,
      "hermes_mahal": 1.2527004360744514,
      "todfs_wins_payout": 5,
      "todfs_wins_mahal": 2
    },
    "4-25-26": {
      "n_slates": 17,
      "todfs_pay": 37208.643538300086,
      "hermes_pay": 113491.21267679936,
      "todfs_roi": -0.2704187541509787,
      "hermes_roi": 1.2253178956235167,
      "todfs_t1": 26,
      "hermes_t1": 39,
      "todfs_mahal": 2.3102436408867675,
      "hermes_mahal": 1.20797773581308,
      "todfs_wins_payout": 6,
      "todfs_wins_mahal": 2
    },
    "4-25-26-early": {
      "n_slates": 17,
      "todfs_pay": 36863.72814725163,
      "hermes_pay": 92423.47419742431,
      "todfs_roi": -0.2771818010342817,
      "hermes_roi": 0.8122249842632216,
      "todfs_t1": 24,
      "hermes_t1": 39,
      "todfs_mahal": 2.3000413983679957,
      "hermes_mahal": 1.1857810865874074,
      "todfs_wins_payout": 6,
      "todfs_wins_mahal": 2
    },
    "4-26-26": {
      "n_slates": 17,
      "todfs_pay": 43016.434064096924,
      "hermes_pay": 119548.40264493767,
      "todfs_roi": -0.1565405085471191,
      "hermes_roi": 1.3440863263713267,
      "todfs_t1": 26,
      "hermes_t1": 37,
      "todfs_mahal": 2.303640823297764,
      "hermes_mahal": 1.1965592773811313,
      "todfs_wins_payout": 6,
      "todfs_wins_mahal": 2
    },
    "4-27-26": {
      "n_slates": 17,
      "todfs_pay": 27966.078603335573,
      "hermes_pay": 118758.80431718336,
      "todfs_roi": -0.4516455175816554,
      "hermes_roi": 1.3286040062192814,
      "todfs_t1": 22,
      "hermes_t1": 32,
      "todfs_mahal": 2.4166999100621718,
      "hermes_mahal": 1.2454042882119196,
      "todfs_wins_payout": 5,
      "todfs_wins_mahal": 2
    },
    "4-28-26": {
      "n_slates": 17,
      "todfs_pay": 43026.18594277701,
      "hermes_pay": 120263.81304058862,
      "todfs_roi": -0.15634929523966645,
      "hermes_roi": 1.358113981188012,
      "todfs_t1": 24,
      "hermes_t1": 37,
      "todfs_mahal": 2.3883363225380467,
      "hermes_mahal": 1.2189623025424925,
      "todfs_wins_payout": 6,
      "todfs_wins_mahal": 2
    }
  },
  "pairwise_drops": {
    "4-21-26,4-22-26": {
      "n_slates": 16,
      "todfs_pay": 43010.45187510034,
      "hermes_pay": 54114.32970103642,
      "todfs_roi": -0.10394891926874283,
      "hermes_roi": 0.12738186877159197,
      "todfs_t1": 26,
      "hermes_t1": 35,
      "todfs_mahal": 2.4314027819954442,
      "hermes_mahal": 1.291857926697711,
      "todfs_wins_payout": 6,
      "todfs_wins_mahal": 2
    },
    "4-22-26,4-25-26-early": {
      "n_slates": 16,
      "todfs_pay": 36795.42942435448,
      "hermes_pay": 51712.928972348425,